{
  "name": "dstore",
  "description": "A data collection infrastructure",
  "keywords": [
    "dojo",
    "store"
  ],
  "repository": {
    "type": "git",
    "url": "git://github.com/SitePen/dstore"
  },
  "dependencies": {
    "dojo": ">=1.8.1"
  },
  "ignore": [
    ".*",
    "tests"
  ],
  "license": [
    "AFL-2.1",
    "BSD-3-Clause"
  ],
  "moduleType": [
    "amd"
  ],
  "homepage": "https://github.com/SitePen/dstore",
  "version": "1.1.1",
  "_release": "1.1.1",
  "_resolution": {
    "type": "version",
    "tag": "v1.1.1",
    "commit": "77a442418ea92d16c105728e478a72d1e59d214a"
  },
  "_source": "git://github.com/SitePen/dstore.git",
  "_target": "~1.0.3 || ~1.1.1",
  "_originalSource": "dstore"
}