{
  "name": "dgrid",
  "description": "A lightweight, mobile-ready, data-driven, modular widget designed for lists and grids",
  "keywords": [
    "dojo",
    "grid"
  ],
  "authors": [
    "Kris Zyp",
    "Kenneth G. Franqueiro",
    "Ed Hager"
  ],
  "main": "OnDemandGrid.js",
  "homepage": "http://dgrid.io",
  "repository": {
    "type": "git",
    "url": "git://github.com/SitePen/dgrid"
  },
  "dependencies": {
    "dojo": ">=1.8.9",
    "dstore": "~1.0.3 || ~1.1.1"
  },
  "ignore": [
    ".*",
    "test"
  ],
  "license": [
    "BSD-3-Clause"
  ],
  "moduleType": [
    "amd"
  ],
  "version": "1.0.0",
  "_release": "1.0.0",
  "_resolution": {
    "type": "version",
    "tag": "v1.0.0",
    "commit": "0d3f426df8a718ad20dc2e4ec0f75b49aecc2457"
  },
  "_source": "git://github.com/SitePen/dgrid.git",
  "_target": "^1.0.0",
  "_originalSource": "dgrid",
  "_direct": true
}